filename,barcode,protocol,batch,total_cycles,max_capacity,min_capacity,initial_capacity,final_capacity,capacity_fade,cycles_to_eol,temp_max_observed,temp_min_observed,temp_mean_observed,ir_max_observed,ir_min_observed,ir_mean_observed
FastCharge_000000_CH19_structure.json,el150800440551,2017-06-30_tests\20170630-4_4C_55per_6C.sdu,Unknown_Batch,491,1.9345720000000002,0.82366771,1.22503284,0.82366771,0.3276362207563349,336,38.61147689819336,33.86034393310547,36.078125054384685,0.029383694753050804,0.0164349302649498,0.017752745509329735
FastCharge_000001_CH16_structure.json,el150800737229,2018-04-12_batch8\20180412-3_7C_31per_5_9C_newstructure.sdu,Unknown_Batch,667,1.5517313,0.88052577,1.16048156,0.88052577,0.24124104996549883,552,40.187686920166016,36.33948516845703,38.59954251199291,0.018147699534893036,0.013516996055841446,0.014395766136148522
FastCharge_000001_CH30_structure.json,el150800737366,2018-04-12_batch8\20180412-3_7C_31per_5_9C_newstructure.sdu,Unknown_Batch,773,1.7674631,0.8801983,1.16717712,1.7674631,-0.514305815042022,704,41.053855895996094,37.26068115234375,39.44421149842335,0.018659405410289764,0.013937968760728836,0.01472789796254806
FastCharge_000001_CH38_structure.json,el150800737234,2018-04-12_batch8\20180412-3_7C_31per_5_9C_newstructure.sdu,Unknown_Batch,542,1.7608931,0.88010961,1.1498653,1.7608931,-0.5313907637703302,484,42.97589874267578,38.84275817871094,41.16478965027306,0.017453249543905258,0.013169404119253159,0.014239271729840894
FastCharge_000002_CH10_structure.json,el150800737329,2018-04-12_batch8\20180412-5C_67per_4C_newstructure.sdu,Unknown_Batch,1010,1.7654599999999998,0.8804329,1.16266174,1.7654599999999998,-0.5184640031244167,967,35.640464782714844,33.2571907043457,34.74513006682443,0.017942437902092934,0.01515804510563612,0.015303881059741915
FastCharge_000002_CH18_structure.json,el150800737233,2018-04-12_batch8\20180412-5C_67per_4C_newstructure.sdu,Unknown_Batch,829,1.7685081999999999,0.88094097,1.1635544,1.7685081999999999,-0.519918793655028,794,38.11666488647461,34.67677688598633,36.83306524923253,0.01831582561135292,0.015042304992675781,0.015226970906442412
FastCharge_000002_CH26_structure.json,el150800737381,2018-04-12_batch8\20180412-5C_67per_4C_newstructure.sdu,Unknown_Batch,1,1.5430456,1.5430456,1.5430456,1.5430456,0.0,1,33.85187911987305,33.85187911987305,33.85187911987305,0.08413675427436829,0.08413675427436829,0.08413675427436829
FastCharge_000002_CH2_structure.json,el150800737315,2018-04-12_batch8\20180412-5C_67per_4C_newstructure.sdu,Unknown_Batch,814,1.7703808999999997,0.88059181,1.1630882599999999,1.7703808999999997,-0.5221380533924398,777,39.01765441894531,35.31140899658203,37.53815865106606,0.018534213304519653,0.015206913463771343,0.01539395862723488
FastCharge_000002_CH34_structure.json,el150800737368,2018-04-12_batch8\20180412-5C_67per_4C_newstructure.sdu,Unknown_Batch,826,1.7649380000000001,0.88021326,1.1448629399999999,1.7649380000000001,-0.5416151037258663,799,41.063350677490234,36.798316955566406,39.13531399927763,0.018644534051418304,0.015503049828112125,0.015628780970083817
FastCharge_000002_CH42_structure.json,el150800737304,2018-04-12_batch8\20180412-5C_67per_4C_newstructure.sdu,Unknown_Batch,1285,1.7621958999999998,0.88079751,1.15839326,1.7621958999999998,-0.5212414996268192,1227,36.24620819091797,34.03369140625,35.352829976953885,0.017329251393675804,0.01525688637048006,0.015456606955756706
FastCharge_000002_CH47_structure.json,el150800737334,2018-04-12_batch8\20180412-5C_67per_4C_newstructure.sdu,Unknown_Batch,1936,1.7602967,0.88000458,1.1682333999999999,1.7602967,-0.5068022366078562,1813,40.45947265625,37.184913635253906,39.417908772949346,0.01798068732023239,0.015742944553494453,0.01602128136244964
FastCharge_000002_CH7_structure.json,el150800737367,2018-04-12_batch8\20180412-5C_67per_4C_newstructure.sdu,Unknown_Batch,1047,1.7641558999999998,0.88060749,1.16909136,1.7641558999999998,-0.5089974662031544,995,41.912715911865234,35.89484405517578,39.29211871740128,0.01944890059530735,0.01528196781873703,0.01592816819046351
FastCharge_000003_CH39_structure.json,EL150800460525,2017-05-12_TESTS\20170512-7C-30PER_3_6C.SDU,Unknown_Batch,743,1.6807666,0.87946099,1.19750044,0.87946099,0.2655860819558446,679,40.92720413208008,34.253944396972656,37.8680849036811,0.019491223618388176,0.0,0.017104426546781893
FastCharge_000003_CH40_structure.json,EL150800460622,2017-05-12_TESTS\20170512-7C-30PER_3_6C.SDU,Unknown_Batch,704,1.6770642,0.87909943,1.19212074,0.87909943,0.26257517338386377,636,39.929805755615234,33.962310791015625,36.647558358582586,0.020759668201208115,0.0,0.017463160139000553
FastCharge_000004_CH1_structure.json,EL150800460514,2017-05-12_TESTS\20170512-3_6C-80PER_3_6C.SDU,Unknown_Batch,664,1.2564532,0.87835133,1.06961132,0.87835133,0.1788126083033601,664,38.19690704345703,34.46613693237305,36.36776702375297,0.018683312460780144,0.0,0.017405669319903457
FastCharge_000004_CH2_structure.json,EL150800460486,2017-05-12_TESTS\20170512-3_6C-80PER_3_6C.SDU,Unknown_Batch,983,1.6909004,0.87975174,1.15952076,0.87975174,0.24127987152209326,847,37.86888885498047,33.454166412353516,35.400878723858575,0.01903754472732544,0.0,0.01737589527410384
FastCharge_000004_CH3_structure.json,EL150800460623,2017-05-12_TESTS\20170512-3_6C-80PER_3_6C.SDU,Unknown_Batch,1062,1.6980618000000003,0.87997985,1.1651949000000001,0.87997985,0.24477883485415194,312,39.04987335205078,31.624011993408203,36.108183753019,0.02219201624393463,0.0,0.017451645890619122
FastCharge_000005_CH18_structure.json,el150800460480,2017-06-30_tests\20170630-4_4C_47per_5_5C.sdu,Unknown_Batch,525,1.9526332999999998,0.823026,1.24168232,0.823026,0.33716862458023883,370,41.11843490600586,34.687007904052734,38.956939239501956,0.02992633543908596,0.01669757440686226,0.018198447972536086
FastCharge_000006_CH11_structure.json,el150800737313,2018-04-12_batch8\20180412-5_3C_54per_4C_newstructure.sdu,Unknown_Batch,1064,1.7637105,0.8802734,1.16379964,1.7637105,-0.5154760659661315,1003,40.9868278503418,37.43391418457031,39.977788975364284,0.017965417355298996,0.014931545592844486,0.015220225591709683
FastCharge_000006_CH19_structure.json,el150800737270,2018-04-12_batch8\20180412-5_3C_54per_4C_newstructure.sdu,Unknown_Batch,1040,1.7666196,0.8801114,1.16865676,1.7666196,-0.511666778875262,987,37.72848129272461,32.507835388183594,36.26365629709684,0.019436080008745193,0.015742281451821327,0.01608334169902194
FastCharge_000006_CH27_structure.json,el150800737378,2018-04-12_batch8\20180412-5_3C_54per_4C_newstructure.sdu,Unknown_Batch,1316,1.7625723999999998,0.88043362,1.16410448,1.7625723999999998,-0.5141015521218506,1223,40.078914642333984,36.969139099121094,39.07620372018553,0.018645791336894035,0.015354249626398087,0.015704182579569903
FastCharge_000006_CH35_structure.json,el150800737259,2018-04-12_batch8\20180412-5_3C_54per_4C_newstructure.sdu,Unknown_Batch,990,1.7649513,0.88167018,1.159515,1.7649513,-0.5221461559358868,949,42.28857421875,38.32997512817383,41.14665123910615,0.018374290317296982,0.015591008588671684,0.015809534472234623
FastCharge_000006_CH3_structure.json,EL150800737380,2018-04-12_batch8\20180412-5_3C_54per_4C_newstructure.sdu,Unknown_Batch,936,1.7645681,0.88024825,1.1567680599999999,1.7645681,-0.5254294797869853,901,37.558189392089844,33.63328170776367,35.23830924074874,0.018774954602122307,0.01521503645926714,0.015686232607580848
FastCharge_000006_CH43_structure.json,el150800737350,2018-04-12_batch8\20180412-5_3C_54per_4C_newstructure.sdu,Unknown_Batch,1159,1.7630869999999998,0.88017184,1.15893952,1.7630869999999998,-0.5212933630911128,1084,42.031829833984375,38.48609161376953,40.96777239742723,0.017725229263305664,0.015220164321362972,0.015534940506777596
FastCharge_000006_CH48_structure.json,el150800737361,2018-04-12_batch8\20180412-5_3C_54per_4C_newstructure.sdu,Unknown_Batch,1157,1.7641533999999999,0.88043225,1.14449522,1.7641533999999999,-0.5414248737535137,1123,38.437129974365234,35.63420486450195,37.45629438368947,0.017819175496697426,0.01548076793551445,0.015680367209165387
FastCharge_000006_CH8_structure.json,el150800737369,2018-04-12_batch8\20180412-5_3C_54per_4C_newstructure.sdu,Unknown_Batch,941,1.7679613999999997,0.88046378,1.1693148,1.7679613999999997,-0.5119635875642724,904,39.38404846191406,35.899349212646484,38.24456629818988,0.019044429063796997,0.015504653565585613,0.015670853125586647
FastCharge_000007_CH24_structure.json,el150800737386,2018-04-12_batch8\20180412-5_9C_15per_4_6C_newstructure.sdu,Unknown_Batch,877,1.7716805,0.88058048,1.1675422999999998,1.7716805,-0.51744437867476,826,40.54148864746094,36.09206771850586,39.050782476618735,0.018894638866186142,0.015105527825653553,0.015430140143372925
FastCharge_000007_CH39_structure.json,el150800737320,2018-04-12_batch8\20180412-5_9C_15per_4_6C_newstructure.sdu,Unknown_Batch,859,1.7649932000000002,0.88007307,1.16410042,1.7649932000000002,-0.516186378491299,812,33.291324615478516,31.461442947387695,32.49868916299484,0.01800519786775112,0.014552172273397446,0.01482345958753154
FastCharge_000008_CH47_structure.json,EL150800460485,2017-05-12_TESTS\20170512-8C-35PER_3_6C.SDU,Unknown_Batch,617,1.6893852999999999,0.87921482,1.20576164,0.87921482,0.2708220341128119,536,40.767669677734375,34.44457244873047,37.651108165227804,0.02086624503135681,0.0170879028737545,0.01795313357582355
FastCharge_000008_CH48_structure.json,EL150800460656,2017-05-12_TESTS\20170512-8C-35PER_3_6C.SDU,Unknown_Batch,600,1.6924089,0.87942636,1.20573044,0.87942636,0.27062772007315333,528,42.076568603515625,35.86503219604492,38.79859074274699,0.020511681213974953,0.0,0.017227447746942442
FastCharge_000009_CH4_structure.json,el150800460597,2017-06-30_tests\20170630-4_8C_80per_4_8C.sdu,Unknown_Batch,526,1.9539083,0.82433027,1.2449164,0.82433027,0.33784287041282446,417,37.816673278808594,30.132884979248047,32.2235372492569,0.02901601791381836,0.01677769422531128,0.017837334647349757
FastCharge_000009_CH7_structure.json,el150800460611,2017-06-30_tests\20170630-4_8C_80per_4_8C.sdu,Unknown_Batch,489,1.9520855,0.82391208,1.2444051200000001,0.82391208,0.33790687071425746,374,34.01215744018555,29.611186981201172,30.53204318009515,0.02950308844447136,0.01692763902246952,0.017917664519726376
FastCharge_000009_CH8_structure.json,el150800460596,2017-06-30_tests\20170630-4_8C_80per_4_8C.sdu,Unknown_Batch,500,1.9627945,0.82372713,1.2543129199999998,0.82372713,0.3432841862140748,369,38.501094818115234,33.28125762939453,36.72291635894776,0.029966946691274643,0.017280708998441696,0.018322633352130652
FastCharge_000010_CH44_structure.json,el150800460498,2017-06-30_tests\20170630-6C_31per_4_25C.sdu,Unknown_Batch,489,1.9639299,0.82369632,1.2516669999999999,0.82369632,0.3419205587428604,386,41.29740905761719,34.601688385009766,39.54071243067704,0.030206704512238503,0.01787979155778885,0.018715664706286234
FastCharge_000011_CH26_structure.json,el150800460604,2017-06-30_tests\20170630-4_9C_69per_4_25C.sdu,Unknown_Batch,524,1.9691290000000001,0.82447267,1.2519917200000001,0.82447267,0.3414711480679761,427,42.099056243896484,34.81934356689453,39.93272891299415,0.02958989143371582,0.016837667673826218,0.017773785567949063
FastCharge_000012_CH13_structure.json,el150800737280,2018-04-12_batch8\20180412-5_6C_36per_4_3C_newstructure.sdu,Unknown_Batch,1116,1.7622565,0.88058406,1.16222268,1.7622565,-0.5162812861301244,1053,43.391929626464844,38.92644119262695,41.7406400352396,0.017999181523919106,0.01487695425748825,0.01516456229739078
FastCharge_000012_CH15_structure.json,el150800737213,2018-04-12_batch8\20180412-5_6C_36per_4_3C_newstructure.sdu,Unknown_Batch,828,1.5448492,0.88066918,1.15021938,0.88066918,0.23434677304776413,794,43.11359405517578,31.209373474121094,39.07419581344162,0.017866160720586777,0.015049953013658524,0.015241214097814931
FastCharge_000012_CH21_structure.json,el150800737314,2018-04-12_batch8\20180412-5_6C_36per_4_3C_newstructure.sdu,Unknown_Batch,933,1.7688172999999998,0.88080788,1.17331658,1.7688172999999998,-0.5075362695377574,883,38.252220153808594,34.852203369140625,37.14586282466386,0.019741829484701157,0.01593673974275589,0.016199780298678437
FastCharge_000012_CH23_structure.json,el150800737387,2018-04-12_batch8\20180412-5_6C_36per_4_3C_newstructure.sdu,Unknown_Batch,859,1.7690567,0.88065648,1.1733203600000002,1.7690567,-0.5077354491658184,813,38.52890396118164,34.82786560058594,37.30955182076611,0.018981777131557465,0.015286244451999664,0.015585514619226574
FastCharge_000012_CH29_structure.json,el150800737275,2018-04-12_batch8\20180412-5_6C_36per_4_3C_newstructure.sdu,Unknown_Batch,1156,1.7637577000000002,0.88007373,1.1702036199999999,1.7637577000000002,-0.507222905360693,1066,40.562740325927734,37.320926666259766,39.58792220514951,0.018471654504537582,0.015178322792053223,0.015713303098551748
FastCharge_000012_CH37_structure.json,el150800737251,2018-04-12_batch8\20180412-5_6C_36per_4_3C_newstructure.sdu,Unknown_Batch,851,1.7651028999999998,0.88002509,1.15924896,1.7651028999999998,-0.5226262527766251,807,42.35615158081055,37.85308837890625,40.65069458599516,0.017894191667437553,0.014862282201647758,0.01503534970824748
FastCharge_000012_CH45_structure.json,el150800737365,2018-04-12_batch8\20180412-5_6C_36per_4_3C_newstructure.sdu,Unknown_Batch,924,1.7807304,0.88060242,1.1564188400000002,1.7807304,-0.53986629965316,895,43.77204513549805,38.930885314941406,41.66049714934774,0.018674246966838837,0.01505681499838829,0.01531556364072253
FastCharge_000012_CH5_structure.json,el150800739495,2018-04-12_batch8\20180412-5_6C_36per_4_3C_newstructure.sdu,Unknown_Batch,787,1.7727548,0.88062328,1.1475835399999998,1.7727548,-0.5447718952120908,752,40.04496383666992,36.10776138305664,38.48746820568584,0.021360397338867188,0.017006676644086838,0.018466554328874986
FastCharge_000013_CH13_structure.json,EL150800463980,2017-05-12_TESTS\20170512-5_4C-50PER_3C.SDU,Unknown_Batch,906,1.6805941000000002,0.96101874,1.19635482,0.96101874,0.1967109389838042,906,41.307273864746094,35.060768127441406,38.59379235324481,0.018226269632577896,0.0,0.01693306401552875
FastCharge_000013_CH14_structure.json,EL150800463882,2017-05-12_TESTS\20170512-5_4C-50PER_3C.SDU,Unknown_Batch,789,1.6605284,0.87968397,1.17520342,0.87968397,0.25146238087019873,722,41.47976303100586,34.732112884521484,37.90262023094187,0.019324414432048798,0.0,0.01656661922742432
FastCharge_000014_CH23_structure.json,EL150800460653,2017-05-12_TESTS\20170512-5_4C-60PER_3_6C.SDU,Unknown_Batch,863,1.6806539,0.87985319,1.20122174,0.87985319,0.267534743418813,784,41.53996276855469,34.46732711791992,37.860443597044345,0.0199892520904541,0.0,0.01694666572683518
FastCharge_000014_CH24_structure.json,EL150800460522,2017-05-12_TESTS\20170512-5_4C-60PER_3_6C.SDU,Unknown_Batch,858,1.617222,0.87967718,1.1812385600000002,0.87967718,0.2552925295632071,789,41.1981086730957,34.291683197021484,37.47962075346833,0.01926795393228531,0.0,0.01697532301399605
FastCharge_000015_CH12_structure.json,el150800737294,2018-04-12_batch8\20180412-5_6C_19per_4_6C_newstructure.sdu,Unknown_Batch,1268,1.7601542000000001,0.88013124,1.15993776,1.7601542000000001,-0.5174557296936346,1175,44.6628532409668,39.267723083496094,42.67111425971383,0.017541196197271347,0.014287520200014114,0.014830074375877245
FastCharge_000015_CH14_structure.json,el150800739476,2018-04-12_batch8\20180412-5_6C_19per_4_6C_newstructure.sdu,Unknown_Batch,1049,1.7652298,0.88001466,1.17318064,1.7652298,-0.5046530259824267,975,34.95454406738281,32.60165023803711,33.926448687470675,0.01819361001253128,0.015042193233966827,0.01526791142660226
FastCharge_000015_CH20_structure.json,el150800737276,2018-04-12_batch8\20180412-5_6C_19per_4_6C_newstructure.sdu,Unknown_Batch,818,1.7731712,0.88113368,1.16749212,1.7731712,-0.5187864394322422,770,41.606658935546875,36.91145324707031,39.877709064623545,0.018892180174589157,0.015349261462688446,0.015635458590840798
FastCharge_000015_CH22_structure.json,el150800737319,2018-04-12_batch8\20180412-5_6C_19per_4_6C_newstructure.sdu,Unknown_Batch,817,1.7646043000000002,0.88024569,1.1636607,1.7646043000000002,-0.5164251057030629,773,40.73103332519531,36.526283264160156,39.23394025524798,0.01838991977274418,0.01483789924532175,0.015143003286235263
FastCharge_000015_CH28_structure.json,el150800737274,2018-04-12_batch8\20180412-5_6C_19per_4_6C_newstructure.sdu,Unknown_Batch,1147,1.7632756,0.88003904,1.16763868,1.7632756,-0.5101209219961778,1061,40.81816101074219,37.582332611083984,39.859333550503905,0.017740929499268532,0.01496284268796444,0.015189377974260862
FastCharge_000015_CH36_structure.json,el150800737287,2018-04-12_batch8\20180412-5_6C_19per_4_6C_newstructure.sdu,Unknown_Batch,1029,1.7627586,0.88023561,1.1714509999999998,1.7627586,-0.5047651160825337,959,42.70512771606445,38.741634368896484,41.578420318366256,0.01900409907102585,0.01553861889988184,0.015831528329249722
FastCharge_000015_CH44_structure.json,el150800739477,2018-04-12_batch8\20180412-5_6C_19per_4_6C_newstructure.sdu,Unknown_Batch,1094,1.7645751,0.88011736,1.1625029,1.7645751,-0.5179102779012422,1017,41.51407241821289,38.11913299560547,40.56663513532286,0.01885438710451126,0.015273038297891617,0.01550632109269636
FastCharge_000015_CH4_structure.json,el150800737390,2018-04-12_batch8\20180412-5_6C_19per_4_6C_newstructure.sdu,Unknown_Batch,797,1.7684823,0.88070726,1.1579404800000002,1.7684823,-0.5272652874178816,757,41.785011291503906,36.918243408203125,39.95851095048816,0.018607374280691147,0.014995565637946129,0.015406656878272368
FastCharge_000016_CH17_structure.json,el150800460478,2017-06-30_tests\20170630-4_4C_24per_5C.sdu,Unknown_Batch,527,1.9591675,0.82363713,1.2459226600000002,0.82363713,0.33893398326987656,402,37.277339935302734,32.70645523071289,35.05961688510381,0.029873082414269447,0.016974877566099167,0.01824990729580455
FastCharge_000017_CH17_structure.json,el150800737307,2018-04-12_batch8\20180412-4_8C_80per_4_8C_newstructure.sdu,Unknown_Batch,1837,1.7601441999999998,0.88036358,1.1659480800000002,1.7601441999999998,-0.5096248539643374,1715,36.96110534667969,32.31935119628906,35.21619130997925,0.018442915752530098,0.015372629277408123,0.015649082932051396
FastCharge_000017_CH1_structure.json,el150800737277,2018-04-12_batch8\20180412-4_8C_80per_4_8C_newstructure.sdu,Unknown_Batch,1079,1.7653234,0.88064086,1.1604775200000002,1.7653234,-0.5212043056206722,1015,37.382118225097656,34.484039306640625,36.33854946104656,0.018177974969148636,0.015276617370545864,0.015491024686836666
FastCharge_000017_CH25_structure.json,el150800737345,2018-04-12_batch8\20180412-4_8C_80per_4_8C_newstructure.sdu,Unknown_Batch,1639,1.7612144,0.88014877,1.1592675800000003,1.7612144,-0.5192475235096281,1529,41.03635787963867,37.44658660888672,39.44967477506366,0.0166881512850523,0.015147753991186619,0.015332464054295062
FastCharge_000017_CH33_structure.json,el150800737299,2018-04-12_batch8\20180412-4_8C_80per_4_8C_newstructure.sdu,Unknown_Batch,2190,1.5608052,0.93701142,1.1651137,0.93701142,0.19577684135033344,2190,39.143856048583984,35.52168273925781,37.974004113184264,0.01570977084338665,0.014972727745771408,0.01535741301406532
FastCharge_000017_CH41_structure.json,el150800737297,2018-04-12_batch8\20180412-4_8C_80per_4_8C_newstructure.sdu,Unknown_Batch,2238,1.5647508999999997,0.97388279,1.17114646,0.97388279,0.16843637985295187,2238,41.141292572021484,37.5812873840332,39.8531234458262,0.016054002568125725,0.015037761069834232,0.01543250450801181
FastCharge_000017_CH46_structure.json,el150800737364,2018-04-12_batch8\20180412-4_8C_80per_4_8C_newstructure.sdu,Unknown_Batch,1391,1.7624627,0.88049883,1.1461486600000002,1.7624627,-0.5377260921807471,1341,41.59273147583008,37.53960418701172,39.48013756791094,0.018680183216929436,0.009652195498347282,0.014790482521137472
FastCharge_000017_CH6_structure.json,el150800737377,2018-04-12_batch8\20180412-4_8C_80per_4_8C_newstructure.sdu,Unknown_Batch,1643,1.7596817,0.88037544,1.16749046,1.7596817,-0.5072343289211974,1531,40.95941925048828,34.933067321777344,37.93252602482597,0.0188555046916008,0.015329788438975811,0.016012707882749548
FastCharge_000017_CH9_structure.json,el150800739484,2018-04-12_batch8\20180412-4_8C_80per_4_8C_newstructure.sdu,Unknown_Batch,1802,1.7607841,0.88047254,1.16907548,1.7607841,-0.5061338041235797,1675,36.75849151611328,33.69585418701172,35.831852293702525,0.017851579934358597,0.015388541854918003,0.01567367433190974
FastCharge_000018_CH18_structure.json,EL150800464881,2017-05-12_TESTS\20170512-5_4C-70PER_3C.SDU,Unknown_Batch,789,1.6751716,0.87974381,1.2032356199999998,0.87974381,0.2688515903476992,693,41.89710235595703,35.50583267211914,38.79814180826204,0.02011801116168499,0.015899531543254852,0.017038993905705645
FastCharge_000019_CH29_structure.json,EL150800460640,2017-05-12_TESTS\20170512-6C-60PER_3C.SDU,Unknown_Batch,732,1.6841866,0.8798033000000002,1.19914134,0.8798033000000002,0.2663055882970391,652,40.844322204589844,34.82596969604492,37.849403746141114,0.020207183435559273,0.0,0.01667612793351539
FastCharge_000019_CH30_structure.json,EL150800460436,2017-05-12_TESTS\20170512-6C-60PER_3C.SDU,Unknown_Batch,758,1.6979023000000002,0.87880522,1.2136790000000002,0.87880522,0.2759162678105167,668,42.99176788330078,37.102882385253906,39.92300829723831,0.01976912096142769,0.01591273583471775,0.016911064434334596
FastCharge_000020_CH23_structure.json,el150800460501,2017-06-30_tests\20170630-4_65C_69per_6C.sdu,Unknown_Batch,564,1.9699535,0.82422954,1.25387634,0.82422954,0.34265484266175716,417,38.80268096923828,33.58086395263672,37.42784156528771,0.029934655874967575,0.01686781272292137,0.018012652342069023
FastCharge_000021_CH28_structure.json,el150800460510,2017-06-30_tests\20170630-4C_31per_5.5C.sdu,Unknown_Batch,493,1.9492308999999997,0.82493001,1.2466556800000002,0.82493001,0.3382856042496033,305,42.09771728515625,34.75503921508789,40.20933269632274,0.029597321525216103,0.01613360270857811,0.01745837145913808
FastCharge_000022_CH24_structure.json,el150800460614,2017-06-30_tests\20170630-4_9C_27per_4_75C.sdu,Unknown_Batch,497,1.9485314999999999,0.82398063,1.2425367999999999,0.82398063,0.3368561558901112,389,38.976593017578125,33.508575439453125,37.21902884132186,0.029468122869729996,0.017141468822956085,0.01798886986415631
FastCharge_000023_CH37_structure.json,EL150800460506,2017-05-12_TESTS\20170512-7C-40PER_3C.SDU,Unknown_Batch,705,1.6859021,0.87998003,1.19955634,0.87998003,0.26641208865604427,630,38.340904235839844,32.99494171142578,35.300778852963276,0.020198658108711243,0.0,0.01699595495477213
FastCharge_000023_CH38_structure.json,EL150800460601,2017-05-12_TESTS\20170512-7C-40PER_3C.SDU,Unknown_Batch,649,1.6747086,0.87928724,1.1948392799999998,0.87928724,0.26409580374692726,585,40.974510192871094,35.54837417602539,37.85535185803618,0.02042296901345253,0.0,0.017079675197027314
FastCharge_000024_CH45_structure.json,el150800460474,2017-06-30_tests\20170630-6C_40per_4C.sdu,Unknown_Batch,481,1.9563667000000002,0.82268399,1.24780458,0.82268399,0.3406948466241404,393,41.48307418823242,34.46089553833008,39.61343392512902,0.029793091118335724,0.01740877702832222,0.018403116977636136
FastCharge_000025_CH7_structure.json,EL150800464883,2017-05-12_TESTS\20170512-4_4C-80PER_4_4C.SDU,Unknown_Batch,1075,1.6690023999999997,0.87916625,1.19459692,0.87916625,0.2640477844191997,910,38.37042999267578,30.44219398498535,34.82643116263456,0.020664991810917854,0.0,0.016421212742841522
FastCharge_000026_CH5_structure.json,EL150800464977,2017-05-12_TESTS\20170512-4C-80PER_4C.SDU,Unknown_Batch,210,1.0920783,0.87950373,0.9954333140000001,0.87950373,0.11646142676715768,210,37.125221252441406,29.694580078125,31.49557417914981,0.01905120722949505,0.016427576541900635,0.017414126802413235
FastCharge_000026_CH6_structure.json,EL150800464865,2017-05-12_TESTS\20170512-4C-80PER_4C.SDU,Unknown_Batch,484,1.6754677,0.87931371,1.14296936,0.87931371,0.23067604366927205,401,36.49106216430664,33.81309509277344,34.96679522774436,0.019245117902755737,0.016947250813245773,0.01741226921088932
FastCharge_000027_CH31_structure.json,el150800460527,2017-06-30_tests\20170630-5_2C_10per_4_75C.sdu,Unknown_Batch,509,1.9432573,0.82404202,1.2423064799999999,0.82404202,0.3366837948072201,406,39.436893463134766,33.830562591552734,38.02191890574157,0.029834475368261337,0.01736297644674778,0.018088838971112003
FastCharge_000028_CH19_structure.json,EL150800464898,2017-05-12_TESTS\20170512-5_4C-40PER_3_6C.SDU,Unknown_Batch,879,1.6803555000000001,0.96902454,1.20822888,0.96902454,0.19797932656600628,879,38.40336990356445,31.15863037109375,35.604697156956036,0.018373308703303337,0.01635526493191719,0.017134885332283308
FastCharge_000028_CH20_structure.json,EL150800460468,2017-05-12_TESTS\20170512-5_4C-40PER_3_6C.SDU,Unknown_Batch,1055,1.5365615,0.87983298,1.1738024200000001,0.87983298,0.25044201220849427,990,40.49238204956055,34.03067398071289,37.6976698672037,0.020871851593255997,0.0,0.017382080994228617
FastCharge_000029_CH10_structure.json,EL150800463886,2017-05-12_TESTS\20170512-4_8C-80PER_4_8C.SDU,Unknown_Batch,637,1.6807459999999999,0.87894142,1.19704406,0.87894142,0.2657401265580818,588,40.5988655090332,34.7828254699707,37.642075626966154,0.02060234546661377,0.0,0.016945532974867467
FastCharge_000029_CH9_structure.json,EL150800465027,2017-05-12_TESTS\20170512-4_8C-80PER_4_8C.SDU,Unknown_Batch,871,1.6928653999999999,0.87985802,1.2137549799999998,0.87985802,0.2750942039389201,775,40.4713020324707,33.47323226928711,37.26825115409702,0.019941769540309906,0.0,0.016568888943261723
FastCharge_000030_CH30_structure.json,el150800460449,2017-06-30_tests\20170630-4C_4per_4_85C.sdu,Unknown_Batch,511,1.9617714,0.82369971,1.25478612,0.82369971,0.3435536966252065,405,41.034645080566406,34.00144958496094,39.283115267520316,0.02942235954105854,0.016895344480872154,0.01763769723985293
FastCharge_000031_CH9_structure.json,el150800460518,2017-06-30_tests\20170629-1C_4per_6C.sdu,Unknown_Batch,328,1.9547251,0.82398337,1.24754218,0.82398337,0.33951462065996035,171,35.093467712402344,30.755775451660156,32.59643791943061,0.029466843232512474,0.016423750668764114,0.018690809573433022
FastCharge_000032_CH22_structure.json,el150800463245,2017-06-30_tests\20170630-4_65C_44per_5C.sdu,Unknown_Batch,542,1.9583158,0.82468003,1.25548512,0.82468003,0.3431383479877483,248,38.292659759521484,32.819583892822266,36.399318751373855,0.02947249636054039,0.016841407865285873,0.017759242366545754
FastCharge_000033_CH14_structure.json,el150800460635,2017-06-30_tests\20170630-3_6C_2per_4_85C.sdu,Unknown_Batch,509,1.9561944,0.8230468000000001,1.24547916,0.8230468000000001,0.33917256391507977,401,39.17689514160156,33.30235290527344,37.346942631809554,0.029313284903764725,0.01672736369073391,0.017521699370856604
FastCharge_000034_CH27_structure.json,el150800460466,2017-06-30_tests\20170630-4C_13per_5C.sdu,Unknown_Batch,507,1.9510428,0.82314944,1.2475337199999998,0.82314944,0.3401786045510657,251,40.486732482910156,34.19379425048828,38.86159776465662,0.03021043911576271,0.016988124698400497,0.018027643017338578
FastCharge_000035_CH12_structure.json,el150800460673,2017-06-30_tests\20170629-2C_7per_5_5C.sdu,Unknown_Batch,363,1.9522322,0.82336694,1.2438195200000002,0.82336694,0.3380334310881374,199,41.632694244384766,34.98971176147461,39.77878813310103,0.029654545709490776,0.015852956101298332,0.017858217067544455
FastCharge_000036_CH48_structure.json,el150800460599,2017-06-30_tests\20170630-6C_60per_3C.sdu,Unknown_Batch,747,1.917302,0.82396823,1.2173908400000002,0.82396823,0.3231686957657741,577,38.47134017944336,33.396827697753906,37.39019236634853,0.029808353632688522,0.01688186638057232,0.017416782098681412
FastCharge_000037_CH21_structure.json,EL150800460472,2017-05-12_TESTS\20170512-5_4C-50PER_3_6C.SDU,Unknown_Batch,902,1.6831192,0.91311944,1.1988213,0.91311944,0.23831897214372155,848,42.20851516723633,35.68023681640625,39.29963992810302,0.018048901110887527,0.01596372202038765,0.016772602769461544
FastCharge_000037_CH22_structure.json,EL150800460658,2017-05-12_TESTS\20170512-5_4C-50PER_3_6C.SDU,Unknown_Batch,897,1.6876105,0.92313582,1.20153588,0.92313582,0.23170349269969362,854,39.46905517578125,32.02298355102539,36.3265202499951,0.018480626866221428,0.016511524096131325,0.01735870339341852
FastCharge_000038_CH13_structure.json,el150800460655,2017-06-30_tests\20170630-3_6C_22per_5_5C.sdu,Unknown_Batch,473,1.9564542,0.82377285,1.2494300600000003,0.82377285,0.3406811022299241,248,41.10900115966797,34.10787582397461,38.86268805247785,0.029135812073946,0.015997787937521935,0.017235446370838813
FastCharge_000039_CH27_structure.json,EL150800460507,2017-05-12_TESTS\20170512-6C-50PER_3C.SDU,Unknown_Batch,861,1.6848439,0.87942547,1.1992772600000001,0.87942547,0.2667037895807347,761,42.73699951171875,36.510555267333984,39.71343669381845,0.020516343414783478,0.0,0.017207042274090194
FastCharge_000039_CH28_structure.json,EL150800460644,2017-05-12_TESTS\20170512-6C-50PER_3C.SDU,Unknown_Batch,918,1.6863363999999998,0.8791858,1.2009026999999999,0.8791858,0.26789589198192315,815,40.05222702026367,33.121482849121094,37.139950891465666,0.01989022083580494,0.0,0.017053355953873243
FastCharge_000040_CH32_structure.json,el150800460608,2017-06-30_tests\20170630-5_2C_37per_4_5C.sdu,Unknown_Batch,521,1.942541,0.82441199,1.2472558,0.82441199,0.3390193174487543,416,37.17788314819336,32.67059326171875,35.982692271871436,0.02974291890859604,0.017382273450493813,0.018084458881656634
FastCharge_000041_CH10_structure.json,el150800460605,2017-06-30_tests\20170629-2C_10per_6C.sdu,Unknown_Batch,172,1.9543766,0.82372141,1.2484298999999999,0.82372141,0.34019410300890734,80,38.5433235168457,33.958518981933594,36.80558770201927,0.031891774386167526,0.0162673182785511,0.017388926429110906
FastCharge_000042_CH36_structure.json,el150800460628,2017-06-30_tests\20170630-5_2C_71per_3C.sdu,Unknown_Batch,488,1.9534445,0.82336378,1.2454749600000001,0.82336378,0.3389158301504513,391,42.72113037109375,34.718624114990234,40.67764657442687,0.029546959325671196,0.01694324240088463,0.017678293956779553
FastCharge_000043_CH16_structure.json,el150800460451,2017-06-30_tests\20170630-3_6C_9per_5C.sdu,Unknown_Batch,598,1.9455490000000002,0.82236624,1.2443579000000002,0.82236624,0.33912402533065455,252,41.09168243408203,29.482742309570312,38.680669822820455,0.03035147488117218,0.017479881644248962,0.01838547754160636
FastCharge_000044_CH11_structure.json,EL150800464002,2017-05-12_TESTS\20170512-5_4C-80PER_5_4C.SDU,Unknown_Batch,535,1.6795254000000002,0.87967759,1.19411424,0.87967759,0.26332208382340366,443,39.196651458740234,34.51466369628906,36.38431448535385,0.019617514684796333,0.0,0.015849967086774722
FastCharge_000044_CH12_structure.json,EL150800463871,2017-05-12_TESTS\20170512-5_4C-80PER_5_4C.SDU,Unknown_Batch,560,1.6867244,0.8788119000000001,1.20346308,0.8788119000000001,0.26976413767508334,497,42.36411666870117,35.81679153442383,38.513281447546824,0.021254004910588264,0.0,0.015675557973528546
FastCharge_000045_CH1_structure.json,EL150800460514,2017-05-12_TESTS\20170512-3_6C-80PER_3_6C.SDU,Unknown_Batch,1190,1.6787633999999998,1.0083524,1.1926042399999999,1.0262098,0.13952192556350457,1190,38.92861557006836,32.603363037109375,36.31658079964774,0.018950272351503372,0.0,0.016820710795704557
FastCharge_000045_CH2_structure.json,EL150800460486,2017-05-12_TESTS\20170512-3_6C-80PER_3_6C.SDU,Unknown_Batch,1179,1.682091,1.0382246,1.1967651400000001,1.0382246,0.13247422965545283,1179,37.48404312133789,30.964174270629883,34.80428875898081,0.018523989245295525,0.0,0.01711656320982307
FastCharge_000045_CH3_structure.json,EL150800460623,2017-05-12_TESTS\20170512-3_6C-80PER_3_6C.SDU,Unknown_Batch,1177,1.6885386999999998,1.0432786,1.20187554,1.0432786,0.13195787310889112,1177,38.06950759887695,31.752042770385742,35.42012889119864,0.018390469253063202,0.0,0.016997078878325533
FastCharge_000046_CH31_structure.json,EL150800460433,2017-05-12_TESTS\20170512-6C-30PER_3_6C.SDU,Unknown_Batch,891,1.6853856,0.96327895,1.2006329199999999,0.96327895,0.19769070633179034,891,41.77565002441406,35.762359619140625,38.74604912960168,0.017982160672545433,0.016010334715247154,0.016864903348547174
FastCharge_000046_CH32_structure.json,EL150800460477,2017-05-12_TESTS\20170512-6C-30PER_3_6C.SDU,Unknown_Batch,1015,1.6847285,0.87927198,1.2004835200000001,0.87927198,0.26756847107738735,916,39.723873138427734,32.86258316040039,36.5791751730031,0.02127017453312874,0.0,0.017249702858587204
FastCharge_000047_CH21_structure.json,el150800460603,2017-06-30_tests\20170630-4_65C_19per_4_85C.sdu,Unknown_Batch,522,1.9590158,0.82476604,1.25302954,0.82476604,0.34178244512894723,385,37.163726806640625,32.51092529296875,34.415266212375684,0.029759488999843597,0.017046093940734863,0.01817476301243479
FastCharge_000048_CH43_structure.json,EL150800463229,2017-05-12_TESTS\20170512-8C-15PER_3_6C.SDU,Unknown_Batch,967,1.6775037,0.87898415,1.2022389599999999,0.87898415,0.26887733699796246,862,42.5273551940918,36.72604751586914,39.84089101655284,0.02126837521791458,0.0,0.017290764676085302
FastCharge_000048_CH44_structure.json,EL150800460647,2017-05-12_TESTS\20170512-8C-15PER_3_6C.SDU,Unknown_Batch,1052,1.6865801999999999,0.87971729,1.20058014,0.87971729,0.2672565031768725,945,41.26823806762695,35.1578369140625,38.49903422888694,0.02102455496788025,0.016297848895192146,0.01733416208763653
FastCharge_000049_CH37_structure.json,el150800460528,2017-06-30_tests\20170630-5_6C_25per_4_5C.sdu,Unknown_Batch,562,1.9566581000000003,0.82497329,1.25441792,0.82497329,0.3423457391297472,452,41.95987319946289,34.373382568359375,40.175375100132406,0.03250180184841156,0.020022187381982803,0.02094488298301701
FastCharge_000050_CH32_structure.json,el150800737285,2018-04-12_batch8\20180412-5_9C_60per_3_1C_newstructure.sdu,Unknown_Batch,1003,1.7641196,0.88094068,1.1563101799999997,1.7641196,-0.5256456533142346,974,40.65878677368164,36.83450698852539,39.410634235751,0.019377326592803,0.01561475545167923,0.0158617247837565
FastCharge_000050_CH40_structure.json,el150800737279,2018-04-12_batch8\20180412-5_9C_60per_3_1C_newstructure.sdu,Unknown_Batch,732,1.7689110000000001,0.88031369,1.1666035,1.7689110000000001,-0.5162915249268498,697,40.013851165771484,36.32536315917969,38.50262949896641,0.01943906769156456,0.015812302008271217,0.01611150112104872
FastCharge_000051_CH15_structure.json,EL150800463838,2017-05-12_TESTS\20170512-5_4C-60PER_3C.SDU,Unknown_Batch,881,1.6767966,0.87922102,1.19211314,0.87922102,0.2624684767756188,789,41.57963180541992,29.603673934936523,37.049289069029584,0.020001983270049095,0.0,0.017299469486386363
FastCharge_000051_CH16_structure.json,EL150800453113,2017-05-12_TESTS\20170512-5_4C-60PER_3C.SDU,Unknown_Batch,720,1.6566436000000002,0.87970334,1.1805672,0.87970334,0.25484687360448444,661,42.385780334472656,36.583126068115234,39.023325528038875,0.02016693726181984,0.0,0.017226505538241732
FastCharge_000052_CH41_structure.json,el150800460526,2017-06-30_tests\20170630-5_6C_5per_4_75C.sdu,Unknown_Batch,532,1.8991828000000002,0.82430446,1.2416098400000002,0.82430446,0.33610025191166343,412,42.15150451660156,34.933677673339844,40.02812656603361,0.029746897518634796,0.016822434961795807,0.017809341353525344
FastCharge_000053_CH42_structure.json,el150800460513,2017-06-30_tests\20170630-5_6C_65per_3C.sdu,Unknown_Batch,454,1.9497262999999998,0.82462949,1.2449109399999998,0.82462949,0.3375996117441139,365,41.30240249633789,34.58761215209961,39.10208074426861,0.029854867607355118,0.017491396516561508,0.018416732754804488
FastCharge_000054_CH15_structure.json,el150800460634,2017-06-30_tests\20170630-3_6C_30per_6C.sdu,Unknown_Batch,547,1.9486433,0.8235231,1.2447990199999999,0.8235231,0.3384288654083291,259,39.70096969604492,34.176334381103516,38.49919950635167,0.02961185947060585,0.015648871660232544,0.017122613616846163
FastCharge_000055_CH20_structure.json,el150800460652,2017-06-30_tests\20170630-4_4C_8per_4_85C.sdu,Unknown_Batch,533,1.9646593,0.82492745,1.2593884600000003,0.82492745,0.3449777600788879,250,41.05242919921875,34.60163116455078,38.28823501128864,0.029430313035845757,0.017016181722283363,0.01797785958726008
FastCharge_000056_CH11_structure.json,el150800460602,2017-06-30_tests\20170629-2C_2per_5C.sdu,Unknown_Batch,466,1.9557141,0.82293689,1.25038706,0.82293689,0.3418542815054404,361,42.0120964050293,34.720401763916016,39.37772294073146,0.02981230616569519,0.017170077189803123,0.018380824724300224
FastCharge_000057_CH35_structure.json,EL150800460615,2017-05-12_TESTS\20170512-6C-50PER_3_6C.SDU,Unknown_Batch,710,1.6831362,0.87868524,1.2006294,0.87868524,0.26814615734047487,644,41.63250732421875,35.53268051147461,38.770345301023674,0.01994931884109974,0.0,0.01647877541803558
FastCharge_000057_CH36_structure.json,EL150800460481,2017-05-12_TESTS\20170512-6C-50PER_3_6C.SDU,Unknown_Batch,877,1.6988505,0.87997299,1.2155825400000002,0.87997299,0.276089478876523,782,34.404380798339844,27.268301010131836,31.3739963518445,0.021065661683678627,0.0,0.01735421574484459
FastCharge_000058_CH45_structure.json,EL150800460618,2017-05-12_TESTS\20170512-8C-25PER_3_6C.SDU,Unknown_Batch,703,1.6875976000000001,0.87882942,1.2016171999999998,0.87882942,0.26862779594033764,617,43.066917419433594,36.976497650146484,39.950601086677565,0.02033291757106781,0.0,0.01729532749594784
FastCharge_000058_CH46_structure.json,EL150800460636,2017-05-12_TESTS\20170512-8C-25PER_3_6C.SDU,Unknown_Batch,652,1.6661669999999997,0.87892622,1.18803948,0.87892622,0.2601877001595941,587,42.01624298095703,35.77377700805664,38.90246329863378,0.019648363813757896,0.0,0.01654911455784016
FastCharge_000059_CH33_structure.json,el150800460631,2017-06-30_tests\20170630-5_2C_50per_4_25C.sdu,Unknown_Batch,546,1.9354576000000001,0.8246578000000001,1.24666528,0.8246578000000001,0.338509050320227,448,41.810508728027344,34.630680084228516,39.68736997192159,0.029942169785499573,0.01727386564016342,0.018189137897048242
FastCharge_000060_CH29_structure.json,el150800463208,2017-06-30_tests\20170630-4C_40per_6C.sdu,Unknown_Batch,522,1.9587723000000001,0.82383436,1.2558394000000002,0.82383436,0.3439970429339931,359,41.545719146728516,34.173789978027344,39.76330590522152,0.02969486080110073,0.01648011803627014,0.017853088191642615
FastCharge_000061_CH43_structure.json,el150800460473,2017-06-30_tests\20170630-6C_20per_4_5C.sdu,Unknown_Batch,494,1.9637698000000001,0.82377249,1.25539168,0.82377249,0.34381237097253986,248,41.67580032348633,34.69053649902344,39.97824765410018,0.02927841618657112,0.016997622326016426,0.017922672737193734
FastCharge_000062_CH47_structure.json,el150800460678,2017-06-30_tests\20170630-6C_52per_3_5C.sdu,Unknown_Batch,451,1.9487699,0.82422936,1.2478217,0.82422936,0.33946543805096513,376,39.61452865600586,33.519935607910156,38.28934114206657,0.029512055218219757,0.017551574856042862,0.018596653010853115
FastCharge_000063_CH5_structure.json,EL150800464977,2017-05-12_TESTS\20170512-4C-80PER_4C.SDU,Unknown_Batch,1227,1.6737555,0.96796095,1.1987203800000001,0.96796095,0.19250480249614182,1227,35.88153076171875,25.93804359436035,31.128951877136977,0.018273822963237762,0.0,0.016603732252373576
FastCharge_000063_CH6_structure.json,EL150800464865,2017-05-12_TESTS\20170512-4C-80PER_4C.SDU,Unknown_Batch,1227,1.6734191999999999,1.0216413,1.19733032,1.0219597,0.14646803565452182,1227,38.57259750366211,31.03547477722168,35.36839417237621,0.018430402502417564,0.0,0.016829785902262608
FastCharge_000064_CH39_structure.json,el150800460649,2017-06-30_tests\20170630-5_6C_47per_4C.sdu,Unknown_Batch,489,1.9605291,0.82311565,1.2478871599999999,0.82311565,0.34039256401997114,401,39.30371856689453,33.32359313964844,37.92000685927814,0.030112169682979584,0.017577264457941055,0.018323856057382067
FastCharge_000065_CH33_structure.json,EL150800460659,2017-05-12_TESTS\20170512-6C-40PER_3_6C.SDU,Unknown_Batch,871,1.6919425,0.87991178,1.2085115800000001,0.87991178,0.27190455220958665,779,41.141822814941406,34.93804931640625,38.26830059625251,0.019905472174286842,0.0,0.01676659655343446
FastCharge_000065_CH34_structure.json,EL150800463198,2017-05-12_TESTS\20170512-6C-40PER_3_6C.SDU,Unknown_Batch,843,1.6743721,0.87995106,1.1981087600000002,0.87995106,0.26554993221149653,766,42.86376190185547,36.540321350097656,39.71881313482355,0.019451159983873367,0.0,0.01659573861624281
FastCharge_000066_CH25_structure.json,EL150800460630,2017-05-12_TESTS\20170512-6C-40PER_3C.SDU,Unknown_Batch,1018,1.6857917000000002,0.87939078,1.19685092,0.87939078,0.2652461845456909,913,41.22307205200195,35.21086120605469,38.59441520001425,0.02178850769996643,0.016179153695702553,0.017234744366865846
FastCharge_000066_CH26_structure.json,EL150800460617,2017-05-12_TESTS\20170512-6C-40PER_3C.SDU,Unknown_Batch,855,1.6781679,0.87909049,1.19586088,0.87909049,0.26488899779044534,760,43.41938400268555,37.45985412597656,40.27779441075018,0.02071562223136425,0.0,0.017144972408375547
FastCharge_000067_CH41_structure.json,EL150800453773,2017-05-12_TESTS\20170512-7C-40PER_3_6C.SDU,Unknown_Batch,618,1.6930294999999997,0.8795923000000001,1.19690588,0.8795923000000001,0.26511155580587503,557,42.559120178222656,36.619117736816406,39.43498057146289,0.020129406824707985,0.0,0.01668904437517753
FastCharge_000067_CH42_structure.json,EL150800460642,2017-05-12_TESTS\20170512-7C-40PER_3_6C.SDU,Unknown_Batch,626,1.6878436,0.87835056,1.2031329400000002,0.87835056,0.2699472096574798,559,42.67180252075195,36.736263275146484,39.55762473158181,0.020613979548215866,0.016511889174580574,0.017273837402939033
FastCharge_000068_CH38_structure.json,el150800460511,2017-06-30_tests\20170630-5_6C_38per_4_25C.sdu,Unknown_Batch,504,1.9605085999999998,0.8236205,1.25193174,0.8236205,0.3421202820530775,248,38.33967208862305,32.65396499633789,36.960856869107204,0.030428949743509293,0.017982490360736847,0.019078015930034102
FastCharge_000069_CH25_structure.json,el150800460610,2017-06-30_tests\20170630-4_9C_61per_4_5C.sdu,Unknown_Batch,543,1.9559715,0.82445824,1.24866704,0.82445824,0.3397293164717473,251,40.88773727416992,34.308780670166016,38.99873774969336,0.029747413471341133,0.016861969605088234,0.017652434542171424
FastCharge_000070_CH46_structure.json,el150800460613,2017-06-30_tests\20170630-6C_4per_4_75C.sdu,Unknown_Batch,516,1.9529131999999998,0.82323354,1.2467529799999997,0.82323354,0.3396979568478751,407,40.47732162475586,33.98908615112305,38.79239326299623,0.029383093118667603,0.016835564747452736,0.017634288133519103
FastCharge_000071_CH40_structure.json,el150800460627,2017-06-30_tests\20170630-5_6C_58per_3_5C.sdu,Unknown_Batch,482,1.9627092000000002,0.82496047,1.2553409000000002,0.82496047,0.3428394868676709,397,38.803932189941406,33.20497131347656,37.504361124948844,0.030127234756946564,0.01788211427628994,0.018776795579530145
FastCharge_000072_CH34_structure.json,el150800460641,2017-06-30_tests\20170630-5_2C_58per_4C.sdu,Unknown_Batch,548,1.9680191000000002,0.82353103,1.2569311200000002,0.82353103,0.3448081466866697,444,39.68667221069336,33.801734924316406,38.0153935703918,0.030048469081521034,0.017406420782208443,0.018411644054644734
FastCharge_000073_CH35_structure.json,el150800460492,2017-06-30_tests\20170630-5_2C_66per_3_5C.sdu,Unknown_Batch,528,1.9506046000000001,0.82497412,1.2450957799999998,0.82497412,0.33742115807347756,433,41.19731903076172,34.53180694580078,39.370976852648184,0.02984808385372162,0.017337065190076828,0.018142700879693482
